"ID	X	Y	alpha-2	alpha-3	country-code	country_name	iso_3166-2	name	original_trajectory	region	region-code	series_code	series_name	sub-region	sub-region-code",,,,,,,,,,,,,,,,,,,,,,,,,,,,,,,,,,,,,,,,,,,,,,,,,,,,,,,,,,,,,,,,,,,,,,,,,,,,,,,,,,,,,,,,,,,,,,,,,,,,,,,,,,,,,,,,,
"0	1960",1961,1962,1963,1964,1965,1966,1967,1968,1969,1970,1971,1972,1973,1974,1975,1976,1977,1978,1979,1980,1981,2001,2002,2003,2004,2005,2006,2007,2008,2009,2010,2011,2012,2013,2014,2015,"2016	537777811.111",548888895.6,546666677.8,751111191.1,800000044.4,1006666638,1399999967,1673333418,1373333367,1408888922,1748886596,1831108971,1595555476,1733333264,2155555498,2366666616,2555555567,2953333418,3300000109,3697940410,3641723322,3478787909,2461665938,4128820723,4583644246,5285465686,6275073572,7057598407,9843842455,10190529883,12486943506,15936800636,17930239400,20536542737,20046334304,20050189882,19215562179,"19469022207.7	AF	AFG	4	Afghanistan	ISO 3166-2:AF	Southern Asia	0	Asia	142.0	NY.GDP.MKTP.CD	GDP (current US$)	Southern Asia	34.0",,,,,,,,,,,,,,,,,,,,,,,,,,,,,,,,,,,,,,,
"1	1984",1985,1986,1987,1988,1989,1990,1991,1992,1993,1994,1995,1996,1997,1998,1999,2000,2001,2002,2003,2004,2005,2006,2007,2008,2009,2010,2011,2012,2013,2014,2015,"2016	1924242453.01",1965384586,2173750013,2156624900,2126000000,2335124988,2101624963,1139166646,709452583.9,1228071038,1985673798,2424499009,3314898292,2359903108,2707123772,3414760915,3632043908,4060758804,4435078648,5746945913,7314865176,8158548717,8992642349,10701011897,12881352688,12044212904,11926953259,12890867539,12319784787,12776277516,13228244357,11335264967,"11863865978.1	AL	ALB	8	Albania	ISO 3166-2:AL	Southern Europe	1	Europe	150.0	NY.GDP.MKTP.CD	GDP (current US$)	Southern Europe	39.0",,,,,,,,,,,,,,,,,,,,,,,,,,,,,,,,,,,,,,,,,,,,,,,,,
"2	1960",1961,1962,1963,1964,1965,1966,1967,1968,1969,1970,1971,1972,1973,1974,1975,1976,1977,1978,1979,1980,1981,1982,1983,1984,1985,1986,1987,1988,1989,1990,1991,1992,1993,1994,1995,1996,1997,1998,1999,2000,2001,2002,2003,2004,2005,2006,2007,2008,2009,2010,2011,2012,2013,2014,2015,"2016	2723648551.75",2434776646,2001468868,2703014867,2909351793,3136258897,3039834559,3370843066,3852115817,4257218772,4863487493,5077222367,6761786387,8715105930,13209713643,15557934269,17728347375,20971901273,26364491313,33243422158,42345277342,44348672668,45207088716,48801369800,53698278906,57937868670,63696301893,66742267773,59089067187,55631489802,62045099643,45715367087,48003298223,49946455211,42542571306,41764052458,46941496780,48177862502,48187747529,48640574567,54790245601,54744714396,56760288974,67863829881,85324998814,1.03198E+11,1.17027E+11,1.34977E+11,1.71001E+11,1.37211E+11,1.61207E+11,2.00019E+11,2.09059E+11,2.09755E+11,2.1381E+11,1.65874E+11,"159049096745.0	DZ	DZA	12	Algeria	ISO 3166-2:DZ	Northern Africa	2	Africa	2.0	NY.GDP.MKTP.CD	GDP (current US$)	Northern Africa	15.0",
"3	2002",2003,2004,2005,2006,2007,2008,2009,2010,2011,2012,2013,2014,2015,"2016	514000000.0",527000000,512000000,503000000,496000000,520000000,563000000,678000000,576000000,574000000,644000000,641000000,643000000,659000000,"658000000.0	AS	ASM	16	American Samoa	ISO 3166-2:AS	Polynesia	3	Oceania	9.0	NY.GDP.MKTP.CD	GDP (current US$)	Polynesia	61.0",,,,,,,,,,,,,,,,,,,,,,,,,,,,,,,,,,,,,,,,,,,,,,,,,,,,,,,,,,,,,,,,,,,,,,,,,,,,,,,,,,,,,
"4	1970",1971,1972,1973,1974,1975,1976,1977,1978,1979,1980,1981,1982,1983,1984,1985,1986,1987,1988,1989,1990,1991,1992,1993,1994,1995,1996,1997,1998,1999,2000,2001,2002,2003,2004,2005,2006,2007,2008,2009,2010,2011,2012,2013,2014,2015,"2016	78619206.0851",89409820.36,113408231.9,150820102.8,186558696.3,220127246.4,227281024.6,254020153.3,308008897.6,411578334.2,446416105.8,388958731.3,375895956.4,327861832.9,330070689.3,346737964.8,482000594,611316399.4,721425939.2,795449332.4,1029048482,1106928583,1210013652,1007025755,1017549124,1178738991,1223945357,1180597273,1211932398,1239876305,1434429703,1496912752,1733116883,2398645598,2935659300,3255789081,3543256806,4016972351,4007353157,3660530703,3355695364,3442062830,3164615187,3281585236,3350736367,2811489409,"2858517699.12	AD	AND	20	Andorra	ISO 3166-2:AD	Southern Europe	1	Europe	150.0	NY.GDP.MKTP.CD	GDP (current US$)	Southern Europe	39.0",,,,,,,,,,,,,,,,,,,,,
"5	1985",1986,1987,1988,1989,1990,1991,1992,1993,1994,1995,1996,1997,1998,1999,2000,2001,2002,2003,2004,2005,2006,2007,2008,2009,2010,2011,2012,2013,2014,2015,"2016	6684491978.61",6684491979,6684491979,6684491979,10026737968,10026737968,12118610904,5684291719,5278182971,4059352153,5039552482,7526446606,7648377413,6445041825,6152922943,9129594819,8936063723,12497346670,14188949191,19640848729,28233712831,41789478661,60448921272,84178032716,75492384801,82470913121,1.04116E+11,1.15398E+11,1.24912E+11,1.26777E+11,1.02962E+11,"95335111741.2	AO	AGO	24	Angola	ISO 3166-2:AO	Middle Africa	4	Africa	2.0	NY.GDP.MKTP.CD	GDP (current US$)	Middle Africa	17.0",,,,,,,,,,,,,,,,,,,,,,,,,,,,,,,,,,,,,,,,,,,,,,,,,,,
"6	1977",1978,1979,1980,1981,1982,1983,1984,1985,1986,1987,1988,1989,1990,1991,1992,1993,1994,1995,1996,1997,1998,1999,2000,2001,2002,2003,2004,2005,2006,2007,2008,2009,2010,2011,2012,2013,2014,2015,"2016	77496740.7407",87879333.33,109079963,131431037,147841740.7,164369296.3,182144111.1,208372851.9,240923925.9,290440148.1,337174851.9,398637740.7,438794777.8,459469074.1,481706333.3,499281148.1,535172777.8,589429592.6,577280740.7,633730629.6,680617111.1,727860592.6,766198925.9,830158768.9,800740257.4,814615323.7,855643099.6,919577142.6,1022191294,1157005441,1311401319,1368431037,1224253000,1152469074,1142042926,1211411704,1192925407,1280133333,1364863037,"1460144703.7	AG	ATG	28	Antigua and Barbuda	ISO 3166-2:AG	Caribbean	5	Americas	19.0	NY.GDP.MKTP.CD	GDP (current US$)	Caribbean	29.0",,,,,,,,,,,,,,,,,,,,,,,,,,,,,,,,,,,
"8	1962",1963,1964,1965,1966,1967,1968,1969,1970,1971,1972,1973,1974,1975,1976,1977,1978,1979,1980,1981,1982,1983,1984,1985,1986,1987,1988,1989,1990,1991,1992,1993,1994,1995,1996,1997,1998,1999,2000,2001,2002,2003,2004,2005,2006,2007,2008,2009,2010,2011,2012,2013,2014,2015,"2016	24450604877.6",18272123665,25605249382,28344705967,28630474728,24256667553,26436857248,31256284544,31584210366,33293199096,34733000536,52544000117,72436777343,52438647922,51169499891,56781000101,58082870156,69252328953,76961923742,78676842366,84307486837,1.03979E+11,79092001998,88416668900,1.10934E+11,1.11106E+11,1.26207E+11,76636898037,1.41352E+11,1.8972E+11,2.28789E+11,2.36742E+11,2.5744E+11,2.58032E+11,2.7215E+11,2.92859E+11,2.98948E+11,2.83523E+11,2.84204E+11,2.68697E+11,97724004252,1.27587E+11,1.64658E+11,1.98737E+11,2.32557E+11,2.87531E+11,3.61558E+11,3.32976E+11,4.23627E+11,5.30163E+11,5.45982E+11,5.52025E+11,5.2632E+11,5.84711E+11,"545476103427.0	AR	ARG	32	Argentina	ISO 3166-2:AR	South America	6	Americas	19.0	NY.GDP.MKTP.CD	GDP (current US$)	South America	5.0",,,,,
"9	1990",1991,1992,1993,1994,1995,1996,1997,1998,1999,2000,2001,2002,2003,2004,2005,2006,2007,2008,2009,2010,2011,2012,2013,2014,2015,"2016	2256838858.43",2068526522,1272577456,1201313201,1315158670,1468317350,1596968913,1639492424,1893726437,1845482181,1911563665,2118467913,2376335048,2807061009,3576615240,4900469950,6384451606,9206301700,11662040714,8647936748,9260284938,10142111335,10619320049,11121465767,11609512940,10553337673,"10572298341.6	AM	ARM	51	Armenia	ISO 3166-2:AM	Western Asia	7	Asia	142.0	NY.GDP.MKTP.CD	GDP (current US$)	Western Asia	145.0",,,,,,,,,,,,,,,,,,,,,,,,,,,,,,,,,,,,,,,,,,,,,,,,,,,,,,,,,,,,,
"10	1994",1995,1996,1997,1998,1999,2000,2001,2002,2003,2004,2005,2006,2007,2008,2009,2010,"2011	1330167597.77",1320670391,1379888268,1531843575,1665363128,1722798883,1873452514,1920262570,1941094972,2021301676,2228279330,2331005587,2421474860,2623726257,2791960894,2498932961,2467703911,"2584463687.15	AW	ABW	533	Aruba	ISO 3166-2:AW	Caribbean	5	Americas	19.0	NY.GDP.MKTP.CD	GDP (current US$)	Caribbean	29.0",,,,,,,,,,,,,,,,,,,,,,,,,,,,,,,,,,,,,,,,,,,,,,,,,,,,,,,,,,,,,,,,,,,,,,,,,,,,,,,
"11	1960",1961,1962,1963,1964,1965,1966,1967,1968,1969,1970,1971,1972,1973,1974,1975,1976,1977,1978,1979,1980,1981,1982,1983,1984,1985,1986,1987,1988,1989,1990,1991,1992,1993,1994,1995,1996,1997,1998,1999,2000,2001,2002,2003,2004,2005,2006,2007,2008,2009,2010,2011,2012,2013,2014,2015,"2016	18593347519.3",19666256020,19911524247,21527606675,23787658192,25962593796,27288610147,30421099787,32687870982,36659200358,41304737373,45183111211,52003504673,63782190903,88906411201,97226546497,1.04974E+11,1.10266E+11,1.18401E+11,1.34794E+11,1.49887E+11,1.76805E+11,1.93955E+11,1.77176E+11,1.93504E+11,1.80471E+11,1.82282E+11,1.89376E+11,2.36136E+11,2.99941E+11,3.11426E+11,3.26069E+11,3.25693E+11,3.12373E+11,3.23217E+11,3.68392E+11,4.01819E+11,4.36098E+11,3.99779E+11,3.89147E+11,4.15446E+11,3.789E+11,3.94636E+11,4.66853E+11,6.1333E+11,6.93764E+11,7.47573E+11,8.53765E+11,1.06E+12,9.27168E+11,1.14E+12,1.39E+12,1.54E+12,1.57E+12,1.46E+12,1.35E+12,"1.20461643983e+12	AU	AUS	36	Australia	ISO 3166-2:AU	Australia and New Zealand	8	Oceania	9.0	NY.GDP.MKTP.CD	GDP (current US$)	Australia and New Zealand	53.0",
"12	1960",1961,1962,1963,1964,1965,1966,1967,1968,1969,1970,1971,1972,1973,1974,1975,1976,1977,1978,1979,1980,1981,1982,1983,1984,1985,1986,1987,1988,1989,1990,1991,1992,1993,1994,1995,1996,1997,1998,1999,2000,2001,2002,2003,2004,2005,2006,2007,2008,2009,2010,2011,2012,2013,2014,2015,"2016	6592693841.18",7311749633,7756110210,8374175258,9169983886,9994070616,10887682273,11579431669,12440625313,13582798556,15373005769,17858485957,22059612417,29515467988,35189299985,40059206763,42959976068,51545759221,62052258694,73937296655,82058912465,71034228098,71275287328,72121016623,67985345162,69386774475,99036165210,1.24168E+11,1.33339E+11,1.33106E+11,1.66463E+11,1.73794E+11,1.95078E+11,1.9038E+11,2.03535E+11,2.41038E+11,2.37251E+11,2.1279E+11,2.1826E+11,2.17186E+11,1.968E+11,1.97338E+11,2.13378E+11,2.61696E+11,3.00904E+11,3.15974E+11,3.35999E+11,3.88691E+11,4.30294E+11,4.00172E+11,3.91893E+11,4.3112E+11,4.09425E+11,4.30069E+11,4.41885E+11,3.82066E+11,"390799991147.0	AT	AUT	40	Austria	ISO 3166-2:AT	Western Europe	9	Europe	150.0	NY.GDP.MKTP.CD	GDP (current US$)	Western Europe	155.0",
"13	1990",1991,1992,1993,1994,1995,1996,1997,1998,1999,2000,2001,2002,2003,2004,2005,2006,2007,2008,2009,2010,2011,2012,2013,2014,2015,"2016	8858006035.92",8792365811,4991350458,3973027397,3313739674,3052467522,3176749593,3962710163,4446396218,4581222442,5272617196,5707720391,6235795104,7276013032,8680472169,13245716099,20983019924,33050343783,48852482960,44291490421,52902703376,65951627200,69684317719,74164435947,75244166773,53074370486,"37847715736.0	AZ	AZE	31	Azerbaijan	ISO 3166-2:AZ	Western Asia	7	Asia	142.0	NY.GDP.MKTP.CD	GDP (current US$)	Western Asia	145.0",,,,,,,,,,,,,,,,,,,,,,,,,,,,,,,,,,,,,,,,,,,,,,,,,,,,,,,,,,,,,
"14	1960",1961,1962,1963,1964,1965,1966,1967,1968,1969,1970,1971,1972,1973,1974,1975,1976,1977,1978,1979,1980,1981,1982,1983,1984,1985,1986,1987,1988,1989,1990,1991,1992,1993,1994,1995,1996,1997,1998,1999,2000,2001,2002,2003,2004,2005,2006,2007,2008,2009,2010,2011,2012,2013,2014,2015,"2016	169803921.569",190098039.2,212254902,237745098,266666666.7,300392156.9,340000000,390196078.4,444901960.8,528137254.9,538423153.7,573400000,590900000,670900000,632400000,596200000,642100000,713000000,832400000,1139800100,1335300000,1426500000,1578300000,1732800000,2041100000,2320699900,2472500000,2713999900,2817900000,3062000000,3166000000,3111160000,3109000000,3092000000,3259000000,3429000000,3609000000,4961119000,5353524000,6019972000,6327552000,6516651000,6957996000,6949317000,7094413000,7706222000,7965588000,8318996000,8247000000,7820000000,7910000000,7890000000,10720500000,10677200000,10843800000,11240000000,"11261800000.0	BS	BHS	44	Bahamas"," The	ISO 3166-2:BS	Caribbean	5	Americas	19.0	NY.GDP.MKTP.CD	GDP (current US$)	Caribbean	29.0"
"15	1980",1981,1982,1983,1984,1985,1986,1987,1988,1989,1990,1991,1992,1993,1994,1995,1996,1997,1998,1999,2000,2001,2002,2003,2004,2005,2006,2007,2008,2009,2010,2011,2012,2013,2014,2015,"2016	3072698328.47",3467819149,3645744681,3735106383,3905585106,3651861702,3052393617,3392021011,3702393617,3863563830,4229787234,4616223404,4751063830,5200265957,5567553457,5849467819,6101861436,6349202394,6183776596,6621010372,9062906915,8976207713,9632155053,11074822075,13150166755,15968726862,18505053192,21730000000,25710877660,22938218085,25713271277,28776595745,30749308511,32539547872,33387712766,31125851064,"32179069148.9	BH	BHR	48	Bahrain	ISO 3166-2:BH	Western Asia	7	Asia	142.0	NY.GDP.MKTP.CD	GDP (current US$)	Western Asia	145.0",,,,,,,,,,,,,,,,,,,,,,,,,,,,,,,,,,,,,,,,,
"16	1960",1961,1962,1963,1964,1965,1966,1967,1968,1969,1970,1971,1972,1973,1974,1975,1976,1977,1978,1979,1980,1981,1982,1983,1984,1985,1986,1987,1988,1989,1990,1991,1992,1993,1994,1995,1996,1997,1998,1999,2000,2001,2002,2003,2004,2005,2006,2007,2008,2009,2010,2011,2012,2013,2014,2015,"2016	4274893913.46",4817580184,5081413340,5319458351,5386054619,5906636557,6439687598,7253575399,7483685473,8471006101,8992721809,8751842840,6288245867,8086725729,12512460520,19448348074,10117113333,9651149302,13281767143,15565480322,18138049096,20249694002,18525399202,17609048822,18920840000,22278423077,21774033333,24298032258,26579005760,28781714764,31598341234,30957483291,31708873955,33166520085,33768662171,37939748051,46438482370,48244308275,49984559471,51270569884,53369787319,53991289844,54724081491,60158929188,65108544250,69442943089,71819083684,79611888213,91631278239,1.02478E+11,1.15279E+11,1.28638E+11,1.33356E+11,1.4999E+11,1.72885E+11,1.95079E+11,"221415162446.0	BD	BGD	50	Bangladesh	ISO 3166-2:BD	Southern Asia	0	Asia	142.0	NY.GDP.MKTP.CD	GDP (current US$)	Southern Asia	34.0",
"17	1990",1991,1992,1993,1994,1995,1996,1997,1998,1999,2000,2001,2002,2003,2004,2005,2006,2007,2008,2009,2010,2011,2012,2013,2014,2015,"2016	2023318251.88",2007109829,1950900000,2046189032,2151295182,2261969870,2411872918,2549296475,2874459305,3012081738,3121500000,3116650000,3169600000,3274850000,3514350000,3897300000,4246600000,4523750000,4607300000,4434050000,4461650000,4660900000,4656350000,4612500000,4608350000,4584150000,"4529050000.0	BB	BRB	52	Barbados	ISO 3166-2:BB	Caribbean	5	Americas	19.0	NY.GDP.MKTP.CD	GDP (current US$)	Caribbean	29.0",,,,,,,,,,,,,,,,,,,,,,,,,,,,,,,,,,,,,,,,,,,,,,,,,,,,,,,,,,,,,
"18	1990",1991,1992,1993,1994,1995,1996,1997,1998,1999,2000,2001,2002,2003,2004,2005,2006,2007,2008,2009,2010,2011,2012,2013,2014,2015,"2016	21650000000.0",17420000000,17120370370,16286280992,14932192011,13972630804,14756861539,14128412417,15222014828,12138485329,12736856828,12354820144,14594925393,17825436035,23141587718,30210091837,36961821894,45275747861,60763483146,49209523810,57222490769,61757788945,65685102555,75527984234,78813839984,56454734397,"47407217531.2	BY	BLR	112	Belarus	ISO 3166-2:BY	Eastern Europe	10	Europe	150.0	NY.GDP.MKTP.CD	GDP (current US$)	Eastern Europe	151.0",,,,,,,,,,,,,,,,,,,,,,,,,,,,,,,,,,,,,,,,,,,,,,,,,,,,,,,,,,,,,
"19	1960",1961,1962,1963,1964,1965,1966,1967,1968,1969,1970,1971,1972,1973,1974,1975,1976,1977,1978,1979,1980,1981,1982,1983,1984,1985,1986,1987,1988,1989,1990,1991,1992,1993,1994,1995,1996,1997,1998,1999,2000,2001,2002,2003,2004,2005,2006,2007,2008,2009,2010,2011,2012,2013,2014,2015,"2016	11658722591.0",12400145222,13264015675,14260017387,15960106681,17371457608,18651883473,19992040789,21376353114,23710735895,26849148286,29981290026,37408591330,47999363072,56333010460,66029748931,71494539498,83283328419,1.01788E+11,1.16938E+11,1.27508E+11,1.05291E+11,92588895020,87650915976,83795680815,86730038793,1.20661E+11,1.50194E+11,1.63168E+11,1.651E+11,2.06431E+11,2.11638E+11,2.36038E+11,2.25925E+11,2.46195E+11,2.89567E+11,2.81358E+11,2.54814E+11,2.60602E+11,2.60202E+11,2.37905E+11,2.37842E+11,2.5886E+11,3.19003E+11,3.70885E+11,3.87366E+11,4.09813E+11,4.71821E+11,5.18626E+11,4.84553E+11,4.83548E+11,5.27008E+11,4.97884E+11,5.20925E+11,5.31076E+11,4.552E+11,"467955709818.0	BE	BEL	56	Belgium	ISO 3166-2:BE	Western Europe	9	Europe	150.0	NY.GDP.MKTP.CD	GDP (current US$)	Western Europe	155.0",
"20	1960",1961,1962,1963,1964,1965,1966,1967,1968,1969,1970,1971,1972,1973,1974,1975,1976,1977,1978,1979,1980,1981,1982,1983,1984,1985,1986,1987,1988,1989,1990,1991,1992,1993,1994,1995,1996,1997,1998,1999,2000,2001,2002,2003,2004,2005,2006,2007,2008,2009,2010,2011,2012,2013,2014,2015,"2016	28071888.5622",29964370.71,31856922.86,33749405.01,36193826.12,40069930.07,44405594.41,47379310.34,44910179.64,47305389.22,53233532.93,59207317.07,66062500,78343558.28,103216374.3,118066298.3,96905829.6,117650000,136300000,151800000,194750000,192900000,179250000,189000000,210900000,209150000,227850000,276550000,314900000,363150000,413050000,444720750,518239100,559858250,580863700,620140400,641383800,654314350,688992450,732732350,832072450,871860600,932551850,990374050,1057845500,1114222550,1217467600,1290573400,1368625150,1336957250,1397113450,1486712300,1573618750,1613705850,1706497950,1742545900,"1741100000.0	BZ	BLZ	84	Belize	ISO 3166-2:BZ	Central America	11	Americas	19.0	NY.GDP.MKTP.CD	GDP (current US$)	Central America	13.0",
"21	1960",1961,1962,1963,1964,1965,1966,1967,1968,1969,1970,1971,1972,1973,1974,1975,1976,1977,1978,1979,1980,1981,1982,1983,1984,1985,1986,1987,1988,1989,1990,1991,1992,1993,1994,1995,1996,1997,1998,1999,2000,2001,2002,2003,2004,2005,2006,2007,2008,2009,2010,2011,2012,2013,2014,2015,"2016	226195579.357",235668222.4,236434906.8,253927646.5,269818988.3,289908720.6,302925280.8,306222000.4,326323097.4,330748211.5,333627758.2,335072975.2,410331901,504376035.7,554654787,676870140.3,698408244.4,750049739.2,928843304.8,1186231265,1405251547,1291119965,1267778489,1095348303,1051133927,1045712703,1336102041,1562412030,1620246187,1502294411,1959965244,1986437860,1695315306,2274557914,1598075932,2169627251,2361116588,2268301538,2455092582,2689787918,2569186643,2680213931,3054571082,3905366188,4521424807,4803702821,5142380779,5969535132,7132787397,7097198712,6970240896,7814081156,8152554487,9156748441,9707432016,8290986804,"8583031398.22	BJ	BEN	204	Benin	ISO 3166-2:BJ	Western Africa	12	Africa	2.0	NY.GDP.MKTP.CD	GDP (current US$)	Western Africa	11.0",
"22	1960",1961,1962,1963,1964,1965,1966,1967,1968,1969,1970,1971,1972,1973,1974,1975,1976,1977,1978,1979,1980,1981,1982,1983,1984,1985,1986,1987,1988,1989,1990,1991,1992,1993,1994,1995,1996,1997,1998,1999,2000,2001,2002,2003,2004,2005,2006,2007,2008,2009,2010,2011,2012,"2013	84466654.0802",89249986.7,94149985.97,96366652.31,107566650.6,114339049,134173373.8,155102984.6,150000000,164900000,186300000,211100000,235400000,269500000,312600000,345000000,386300000,447000000,475800000,517200000,613299968,739100032,785500032,889400000,985699968,1039500032,1173500032,1296499968,1415100032,1501500032,1592400000,1634899968,1679900032,1820359936,1867160064,2030749952,2695390000,2932827000,3130748000,3324433000,3480219000,3680483000,3937228000,4186525000,4484703000,4868136000,5414299000,5895048000,6109928000,5806378000,5744414000,5550771000,5537537000,"5573710000.0	BM	BMU	60	Bermuda	ISO 3166-2:BM	Northern America	13	Americas	19.0	NY.GDP.MKTP.CD	GDP (current US$)	Northern America	21.0",,,,,,,
"23	1980",1981,1982,1983,1984,1985,1986,1987,1988,1989,1990,1991,1992,1993,1994,1995,1996,1997,1998,1999,2000,2001,2002,2003,2004,2005,2006,2007,2008,2009,2010,2011,2012,2013,2014,2015,"2016	135653295.165",146391639.7,148934334,165585940.6,169264991.2,172217502,201375725.6,253182453.7,283855833.3,275949889.1,299787275.8,250045839.9,250794359.6,235239570.4,270801565.2,303053462.8,316420860.9,365964500.1,376955087.3,419035810.5,439158233.2,476360697.2,537050133.7,622026107.8,702682019,818869145.1,897731524.9,1196091805,1258332337,1264758198,1585472534,1820207626,1823692110,1798333726,1944782821,2059258653,"2212638830.39	BT	BTN	64	Bhutan	ISO 3166-2:BT	Southern Asia	0	Asia	142.0	NY.GDP.MKTP.CD	GDP (current US$)	Southern Asia	34.0",,,,,,,,,,,,,,,,,,,,,,,,,,,,,,,,,,,,,,,,,
"24	1960",1961,1962,1963,1964,1965,1966,1967,1968,1969,1970,1971,1972,1973,1974,1975,1976,1977,1978,1979,1980,1981,1982,1983,1984,1985,1986,1987,1988,1989,1990,1991,1992,1993,1994,1995,1996,1997,1998,1999,2000,2001,2002,2003,2004,2005,2006,2007,2008,2009,2010,2011,2012,2013,2014,2015,"2016	563110051.921",612518906.8,669722541.3,721142957.3,812543072.5,908874537,994044553.9,1084059815,908874537,964615698.7,1017171717,1095454545,1257615645,1263018491,2100249875,2404697651,2732083958,3227436282,3758220890,4421343606,4537487843,5891606676,5594118400,5422656262,6169481549,5377277407,3959379488,4347956299,4597615563,4715978868,4867582620,5343274312,5643893347,5734676561,5981244887,6715220507,7396966657,7925673448,8497545598,8285075872,8397912509,8141537938,7905485216,8082364868,8773451739,9549077869,11451869165,13120159976,16674324634,17339992165,19649631308,23963033444,27084497540,30659338929,32996187988,33000198263,"33806395513.7	BO	BOL	68	Bolivia	ISO 3166-2:BO	South America	6	Americas	19.0	NY.GDP.MKTP.CD	GDP (current US$)	South America	5.0",
"25	1994",1995,1996,1997,1998,1999,2000,2001,2002,2003,2004,2005,2006,2007,2008,2009,2010,2011,2012,2013,2014,2015,"2016	1255802469.14",1866572954,2786045322,3671816504,4116699437,4685729739,5505984456,5748990666,6651226179,8370020196,10022840635,11225138297,12866524918,15776422673,19112739665,17613836210,17176781337,18644723861,17226849297,18178503835,18558343508,16209702864,"16910277133.6	BA	BIH	70	Bosnia and Herzegovina	ISO 3166-2:BA	Southern Europe	1	Europe	150.0	NY.GDP.MKTP.CD	GDP (current US$)	Southern Europe	39.0",,,,,,,,,,,,,,,,,,,,,,,,,,,,,,,,,,,,,,,,,,,,,,,,,,,,,,,,,,,,,,,,,,,,,
"26	1960",1961,1962,1963,1964,1965,1966,1967,1968,1969,1970,1971,1972,1973,1974,1975,1976,1977,1978,1979,1980,1981,1982,1983,1984,1985,1986,1987,1988,1989,1990,1991,1992,1993,1994,1995,1996,1997,1998,1999,2000,2001,2002,2003,2004,2005,2006,2007,2008,2009,2010,2011,2012,2013,2014,2015,"2016	30412308.9864",32902336.64,35643207.63,38091150.57,41613969.05,45790869.75,51464435.15,58646443.51,66248256.62,77356914.08,96245114.46,126957494.4,165258093.9,244129088,306033848.4,355172413.8,372010119.6,451603325.4,590376720.6,819877300.6,1060923829,1073861599,1014907255,1172258182,1240796365,1114764007,1392634772,1965274882,2644536804,3083800685,3790567052,3942792837,4146513722,4160086253,4259330999,4730611067,4847752843,5020214747,4790458837,5484257417,5788329609,5489608300,5438857107,7511582173,8957467707,9931134941,10126940513,10939053367,10945070442,10267133178,12786654366,15682926896,14686278708,14915780539,16259445053,14430573505,"15581137273.8	BW	BWA	72	Botswana	ISO 3166-2:BW	Southern Africa	14	Africa	2.0	NY.GDP.MKTP.CD	GDP (current US$)	Southern Africa	18.0",
"27	1960",1961,1962,1963,1964,1965,1966,1967,1968,1969,1970,1971,1972,1973,1974,1975,1976,1977,1978,1979,1980,1981,1982,1983,1984,1985,1986,1987,1988,1989,1990,1991,1992,1993,1994,1995,1996,1997,1998,1999,2000,2001,2002,2003,2004,2005,2006,2007,2008,2009,2010,2011,2012,2013,2014,2015,"2016	15165569912.5",15236854860,19926293839,23021477292,21211892260,21790035117,27062716578,30591834054,33875881876,37458898244,42327600098,49204456701,58539008786,79279057731,1.05136E+11,1.23709E+11,1.52678E+11,1.76171E+11,2.00801E+11,2.24969E+11,2.35025E+11,2.63561E+11,2.81682E+11,2.03305E+11,2.09024E+11,2.22943E+11,2.68137E+11,2.94084E+11,3.30397E+11,4.25595E+11,4.61952E+11,6.0286E+11,4.00599E+11,4.37799E+11,5.58112E+11,7.85643E+11,8.50426E+11,8.83199E+11,8.63723E+11,5.99389E+11,6.55421E+11,5.59373E+11,5.07963E+11,5.5832E+11,6.69316E+11,8.9163E+11,1.11E+12,1.40E+12,1.70E+12,1.67E+12,2.21E+12,2.62E+12,2.47E+12,2.47E+12,2.46E+12,1.80E+12,"1.79618658641e+12	BR	BRA	76	Brazil	ISO 3166-2:BR	South America	6	Americas	19.0	NY.GDP.MKTP.CD	GDP (current US$)	South America	5.0",
"29	1965",1966,1967,1968,1969,1970,1971,1972,1973,1974,1975,1976,1977,1978,1979,1980,1981,1982,1983,1984,1985,1986,1987,1988,1989,1990,1991,1992,1993,1994,1995,1996,1997,1998,1999,2000,2001,2002,2003,2004,2005,2006,2007,2008,2009,2010,2011,2012,2013,2014,2015,"2016	114040245.655",132758395.4,139030445.6,160819286.6,161211289.7,179080099.3,197523179.2,270818555.8,433092003.6,1073577086,1168304306,1423061357,1732721161,1941600704,2803780006,4928824958,4366213850,4264252336,3844723142,3782523088,3523612563,2358592817,2754463438,2690717551,2985467979,3520551724,3701667053,4183548189,4105706152,4087337960,4734020037,5115602837,5197332974,4051147228,4600000000,6001153306,5601090584,5843329108,6557333085,7872333215,9531402848,11470703002,12247694247,14393099069,10732366286,13707370737,18525319978,19048495519,18093829923,17098342541,12930394938,"11400653732.0	BN	BRN	96	Brunei Darussalam	ISO 3166-2:BN	South-Eastern Asia	15	Asia	142.0	NY.GDP.MKTP.CD	GDP (current US$)	South-Eastern Asia	35.0",,,,,,,,,,,
"30	1980",1981,1982,1983,1984,1985,1986,1987,1988,1989,1990,1991,1992,1993,1994,1995,1996,1997,1998,1999,2000,2001,2002,2003,2004,2005,2006,2007,2008,2009,2010,2011,2012,2013,2014,2015,"2016	19839230769.2",19870000000,19342000000,16563666667,17594944444,17155421053,20249294118,28101000000,22555941177,21988444444,20632090909,10943548387,10350515464,10829710145,9697416974,13063422619,10109404160,11195630537,14630974779,13495062850,13148099185,14135393876,16360346654,21074775206,26094622564,29821662537,34304448150,44765733380,54409138498,51884481410,50610031136,57418391042,53903028252,55758744571,56732006512,50199117547,"53237882472.7	BG	BGR	100	Bulgaria	ISO 3166-2:BG	Eastern Europe	10	Europe	150.0	NY.GDP.MKTP.CD	GDP (current US$)	Eastern Europe	151.0",,,,,,,,,,,,,,,,,,,,,,,,,,,,,,,,,,,,,,,,,
"31	1960",1961,1962,1963,1964,1965,1966,1967,1968,1969,1970,1971,1972,1973,1974,1975,1976,1977,1978,1979,1980,1981,1982,1983,1984,1985,1986,1987,1988,1989,1990,1991,1992,1993,1994,1995,1996,1997,1998,1999,2000,2001,2002,2003,2004,2005,2006,2007,2008,2009,2010,2011,2012,2013,2014,2015,"2016	330442817.169",350247237.1,379567178.3,394040749.1,410321785.6,422916848.4,433889831.6,450753993.2,460442864.2,478298781.5,458404330.1,482411279,578595584,674773821.2,751133642.6,939972703.5,976547572.2,1131225279,1475584037,1748480982,1928720390,1775842680,1754450379,1600278756,1459880353,1552493414,2036303381,2369835439,2616040646,2615588546,3101301781,3135045684,2240264712,2332018011,1895290965,2379518099,2586550747,2447669404,2804902724,2993753187,2628920056,2812845514,3205592290,4205691222,4838551100,5462709498,5844669846,6771277871,8369637065,8369175126,8979966766,10724063458,11166063467,11947176342,12377391463,10419303761,"11693235542.1	BF	BFA	854	Burkina Faso	ISO 3166-2:BF	Western Africa	12	Africa	2.0	NY.GDP.MKTP.CD	GDP (current US$)	Western Africa	11.0",
"32	1960",1961,1962,1963,1964,1965,1966,1967,1968,1969,1970,1971,1972,1973,1974,1975,1976,1977,1978,1979,1980,1981,1982,1983,1984,1985,1986,1987,1988,1989,1990,1991,1992,1993,1994,1995,1996,1997,1998,1999,2000,2001,2002,2003,2004,2005,2006,2007,2008,2009,2010,2011,2012,2013,2014,2015,"2016	195999990.0",202999992,213500006,232749998,260750008,158994963,165444571.4,178297142.9,183200000,190205714.3,242732571.4,252842285.7,246804571.4,304339839.6,345263492.1,420986666.7,448412753.6,547535555.6,610225555.6,782496666.7,919726666.7,969046666.7,1013222222,1082926304,987143931.2,1149979286,1201725497,1131466494,1082403219,1113924130,1132101253,1167398478,1083037671,938632612,925030590.2,1000428394,869033856.3,972896267.9,893770806.1,808077223.4,870486065.9,876794723.1,825394490.2,784654423.6,915257323.4,1117257279,1273180597,1356078278,1611634332,1739781489,2026864469,2355652126,2472384907,2714505635,3093647227,3066681387,"3007029030.4	BI	BDI	108	Burundi	ISO 3166-2:BI	Eastern Africa	16	Africa	2.0	NY.GDP.MKTP.CD	GDP (current US$)	Eastern Africa	14.0",
"33	1980",1981,1982,1983,1984,1985,1986,1987,1988,1989,1990,1991,1992,1993,1994,1995,1996,1997,1998,1999,2000,2001,2002,2003,2004,2005,2006,2007,2008,2009,2010,2011,2012,2013,2014,2015,"2016	142246875.537",139468114.6,140630758.6,138476239.4,132019065,137728155.2,190651208,235253171.8,264308140.3,267448513.1,306891107.3,319827058.6,357160985.3,490417389.7,406580652.3,487148993.5,501979069.3,490608657.9,521910560.5,592416703.1,539227277.6,563024383.3,620974660.2,813963830.2,924318490.8,971977088.2,1107891063,1513934037,1789333749,1711817182,1664310770,1864824081,1751888562,1850951315,1858121723,1574288668,"1617467435.77	CV	CPV	132	Cabo Verde	ISO 3166-2:CV	Western Africa	12	Africa	2.0	NY.GDP.MKTP.CD	GDP (current US$)	Western Africa	11.0",,,,,,,,,,,,,,,,,,,,,,,,,,,,,,,,,,,,,,,,,
"34	1960",1961,1962,1963,1964,1965,1966,1967,1968,1969,1970,1971,1972,1973,1974,1993,1994,1995,1996,1997,1998,1999,2000,2001,2002,2003,2004,2005,2006,2007,2008,2009,2010,2011,2012,2013,2014,2015,"2016	637142865.714",642857134.3,660000008.6,728571437.1,782857128.6,868571428.6,914285714.3,962857134.3,1065714249,978873232.4,718401157.7,969911421.4,505549441.4,702899156,588443893.7,2533727592,2791435272,3441205693,3506695720,3443413389,3120425503,3517242477,3654031716,3984000517,4284028483,4658246918,5337833248,6293046162,7274595707,8639235842,10351914093,10401851851,11242275199,12829541141,14038383450,15449630419,16777820333,18049954289,"20016747754.0	KH	KHM	116	Cambodia	ISO 3166-2:KH	South-Eastern Asia	15	Asia	142.0	NY.GDP.MKTP.CD	GDP (current US$)	South-Eastern Asia	35.0",,,,,,,,,,,,,,,,,,,,,,,,,,,,,,,,,,,,,
"35	1960",1961,1962,1963,1964,1965,1966,1967,1968,1969,1970,1971,1972,1973,1974,1975,1976,1977,1978,1979,1980,1981,1982,1983,1984,1985,1986,1987,1988,1989,1990,1991,1992,1993,1994,1995,1996,1997,1998,1999,2000,2001,2002,2003,2004,2005,2006,2007,2008,2009,2010,2011,2012,2013,2014,2015,"2016	618740988.011",657597382.8,699373701.2,723624365.3,782384527.8,814139855.8,853268771.1,934079050.3,1053077155,1152418515,1160002261,1233991075,1430951332,1758727395,2255496995,2752771044,3076592431,3366368665,4409920644,5811444661,6740756569,7636345827,7322914570,7381854747,7801858825,8148223604,10621158533,12302471429,12493286762,11140055364,11151578051,12434370005,11396310990,15498179313,10600157684,9643953175,10513387442,10833497458,10612847429,11198378750,10083937740,10371327757,11579343088,14548845765,17430933517,17944084202,19356046328,22365265026,26409781215,26017925552,26143818510,29337006833,29104437355,32348149947,34942948737,30916218544,"32217497470.5	CM	CMR	120	Cameroon	ISO 3166-2:CM	Middle Africa	4	Africa	2.0	NY.GDP.MKTP.CD	GDP (current US$)	Middle Africa	17.0",
"36	1960",1961,1962,1963,1964,1965,1966,1967,1968,1969,1970,1971,1972,1973,1974,1975,1976,1977,1978,1979,1980,1981,1982,1983,1984,1985,1986,1987,1988,1989,1990,1991,1992,1993,1994,1995,1996,1997,1998,1999,2000,2001,2002,2003,2004,2005,2006,2007,2008,2009,2010,2011,2012,2013,2014,2015,"2016	41093453544.9",40767969454,41978852041,44657169109,48882938810,53909570342,60358632035,64768831262,70759031842,77887510242,87896095224,99271961478,1.13083E+11,1.31322E+11,1.60409E+11,1.73834E+11,2.06576E+11,2.11612E+11,2.18633E+11,2.43072E+11,2.73854E+11,3.06215E+11,3.13507E+11,3.40548E+11,3.55373E+11,3.64756E+11,3.77438E+11,4.31317E+11,5.07354E+11,5.65056E+11,5.9393E+11,6.10328E+11,5.92388E+11,5.77171E+11,5.78139E+11,6.04032E+11,6.28546E+11,6.52825E+11,6.31813E+11,6.76083E+11,7.42293E+11,7.3638E+11,7.57951E+11,8.92381E+11,1.02E+12,1.17E+12,1.32E+12,1.46E+12,1.55E+12,1.37E+12,1.61E+12,1.79E+12,1.82E+12,1.84E+12,1.79E+12,1.55E+12,"1.5297604922e+12	CA	CAN	124	Canada	ISO 3166-2:CA	Northern America	13	Americas	19.0	NY.GDP.MKTP.CD	GDP (current US$)	Northern America	21.0",
"39	1960",1961,1962,1963,1964,1965,1966,1967,1968,1969,1970,1971,1972,1973,1974,1975,1976,1977,1978,1979,1980,1981,1982,1983,1984,1985,1986,1987,1988,1989,1990,1991,1992,1993,1994,1995,1996,1997,1998,1999,2000,2001,2002,2003,2004,2005,2006,2007,2008,2009,2010,2011,2012,2013,2014,2015,"2016	112155598.95",123134584.5,124482748.9,129379097.9,142025069.5,150574816.3,157930041.9,163820538.9,191767437,188039191.3,189106554.5,201450768.4,230317908,271183061.4,281398668.2,378660016.3,451152450,507298120.7,610578523.8,700764892.7,797048028.8,694803502.7,748312283.7,658679394.9,637820620.7,864849765.1,1122265026,1200991826,1264899368,1233930277,1440711396,1377375031,1411917558,1278781167,851174350.6,1115389732,1007791186,937741468,967338348.7,999477510.7,914500299.1,931833302.8,991387870.1,1139754799,1270080251,1350301057,1460562038,1698125618,1985239277,1981728141,1986014846,2212699747,2184183758,1518565219,1702898940,1583776760,"1756124677.2	CF	CAF	140	Central African Republic	ISO 3166-2:CF	Middle Africa	4	Africa	2.0	NY.GDP.MKTP.CD	GDP (current US$)	Middle Africa	17.0",
"41	1960",1961,1962,1963,1964,1965,1966,1967,1968,1969,1970,1971,1972,1973,1974,1975,1976,1977,1978,1979,1980,1981,1982,1983,1984,1985,1986,1987,1988,1989,1990,1991,1992,1993,1994,1995,1996,1997,1998,1999,2000,2001,2002,2003,2004,2005,2006,2007,2008,2009,2010,2011,2012,2013,2014,2015,"2016	313582727.638",333975336.6,357635713.9,371767002.7,392247517.6,416926303,432794922.5,449826323,453980096.7,471635620.9,469266736.6,501866730.7,585427545.7,647199482.8,652532796.1,864602103.3,866044961,935360466.4,1113920123,1004316495,1033002402,876937559.7,834369860.4,832415806,919103735.3,1033069710,1067828247,1163426851,1482597299,1433686310,1738605558,1877138042,1881847677,1463251055,1179837955,1445919970,1607345450,1544689503,1744794457,1534673583,1385058162,1709347793,1987622279,2736666516,4414929220,6646663561,7422102656,8638711443,10351932604,9253484109,10657705537,12156380425,12368071039,12949854263,13922223234,10888798114,"9600761473.79	TD	TCD	148	Chad	ISO 3166-2:TD	Middle Africa	4	Africa	2.0	NY.GDP.MKTP.CD	GDP (current US$)	Middle Africa	17.0",
"43	1960",1961,1962,1963,1964,1965,1966,1967,1968,1969,1970,1971,1972,1973,1974,1975,1976,1977,1978,1979,1980,1981,1982,1983,1984,1985,1986,1987,1988,1989,1990,1991,1992,1993,1994,1995,1996,1997,1998,1999,2000,2001,2002,2003,2004,2005,2006,2007,2008,2009,2010,2011,2012,2013,2014,2015,"2016	4110000000.0",4609727273,5416272727,5668187500,5982347826,6026593750,7072641026,7013196078,7167086957,8377093023,9126309735,10884114754,11853817308,16836261173,16210404184,7622217352,10341925249,13962893422,15989933708,21803696985,29036709872,34509878044,25325893206,20355959237,19622527480,17702885394,18891048819,22255407685,26040229793,29885685143,33113887818,37834793730,45964327559,49297773130,57008425296,73447063319,78039572222,84952360923,81577430181,75173794497,77860932152,70979923960,69736811435,75643459840,99210392858,1.22965E+11,1.54788E+11,1.73606E+11,1.79638E+11,1.72389E+11,2.18538E+11,2.52252E+11,2.67122E+11,2.78384E+11,2.6099E+11,2.42518E+11,"247027912574.0	CL	CHL	152	Chile	ISO 3166-2:CL	South America	6	Americas	19.0	NY.GDP.MKTP.CD	GDP (current US$)	South America	5.0",
"44	1960",1961,1962,1963,1964,1965,1966,1967,1968,1969,1970,1971,1972,1973,1974,1975,1976,1977,1978,1979,1980,1981,1982,1983,1984,1985,1986,1987,1988,1989,1990,1991,1992,1993,1994,1995,1996,1997,1998,1999,2000,2001,2002,2003,2004,2005,2006,2007,2008,2009,2010,2011,2012,2013,2014,2015,"2016	59716467625.3",50056868958,47209359006,50706799903,59708343489,70436266147,76720285970,72881631327,70846535056,79705906248,92602973434,99800958648,1.13688E+11,1.38544E+11,1.44182E+11,1.63432E+11,1.5394E+11,1.74938E+11,1.49541E+11,1.78281E+11,1.91149E+11,1.95866E+11,2.0509E+11,2.30687E+11,2.59947E+11,3.09488E+11,3.00758E+11,2.72973E+11,3.12354E+11,3.47768E+11,3.60858E+11,3.83373E+11,4.26916E+11,4.44731E+11,5.64325E+11,7.34548E+11,8.63747E+11,9.61604E+11,1.03E+12,1.09E+12,1.21E+12,1.34E+12,1.47E+12,1.66E+12,1.96E+12,2.29E+12,2.75E+12,3.55E+12,4.60E+12,5.11E+12,6.10E+12,7.57E+12,8.56E+12,9.61E+12,1.05E+13,1.11E+13,"1.11991451576e+13	CN	CHN	156	China	ISO 3166-2:CN	Eastern Asia	17	Asia	142.0	NY.GDP.MKTP.CD	GDP (current US$)	Eastern Asia	30.0",
"45	1960",1961,1962,1963,1964,1965,1966,1967,1968,1969,1970,1971,1972,1973,1974,1975,1976,1977,1978,1979,1980,1981,1982,1983,1984,1985,1986,1987,1988,1989,1990,1991,1992,1993,1994,1995,1996,1997,1998,1999,2000,2001,2002,2003,2004,2005,2006,2007,2008,2009,2010,2011,2012,2013,2014,2015,"2016	4040948153.73",4552914000,4968603736,4838841456,5992169467,5790247619,5452762963,5727195020,5918455410,6405427874,7198360460,7820380971,8671358733,10315760000,12370029584,13098633902,15341403661,19470960619,23263511958,27940411250,33400735644,36388366869,38968039722,38729822782,38253120738,34894411352,34942489684,36373307085,39212550050,39540080200,40274204595,41239551378,49279585355,55802538219,81703500846,92507279383,97160109278,1.0666E+11,98443739941,86186158685,99886577331,98203546156,97933391976,94684584163,1.17075E+11,1.46566E+11,1.6259E+11,2.07416E+11,2.43982E+11,2.33822E+11,2.87018E+11,3.35415E+11,3.6966E+11,3.80192E+11,3.78196E+11,2.9152E+11,"282462551367.0	CO	COL	170	Colombia	ISO 3166-2:CO	South America	6	Americas	19.0	NY.GDP.MKTP.CD	GDP (current US$)	South America	5.0",
"46	1980",1981,1982,1983,1984,1985,1986,1987,1988,1989,1990,1991,1992,1993,1994,1995,1996,1997,1998,1999,2000,2001,2002,2003,2004,2005,2006,2007,2008,2009,2010,2011,2012,2013,2014,2015,"2016	123505640.914",114271897.3,107089552.3,111519676,107489822.7,114490697.6,162487763.9,196433684,207476554.8,198733185.9,250030760.8,246823428.9,266191040.4,263568114.4,185761822.6,231896229.6,230495751.4,212099634.7,215394066.1,222580453.8,203846427.7,220093812.2,246737679.5,317562269.4,368143118.7,380372892.6,406111873.5,462453582.9,523134897,524157261,530493353.2,586281766.8,570865941.2,618663921.9,647720707.1,565689764.6,"616654490.413	KM	COM	174	Comoros	ISO 3166-2:KM	Eastern Africa	16	Africa	2.0	NY.GDP.MKTP.CD	GDP (current US$)	Eastern Africa	14.0",,,,,,,,,,,,,,,,,,,,,,,,,,,,,,,,,,,,,,,,,
"47	1960",1961,1962,1963,1964,1965,1966,1967,1968,1969,1970,1971,1972,1973,1974,1975,1976,1977,1978,1979,1980,1981,1982,1983,1984,1985,1986,1987,1988,1989,1990,1991,1992,1993,1994,1995,1996,1997,1998,1999,2000,2001,2002,2003,2004,2005,2006,2007,2008,2010,2011,2012,2013,2014,2015,"2016	3359404132.32",3086746936,3779841410,6213185774,2881545277,4043901724,4532660145,3384063360,3909780525,5032434971,4877684933,5594770352,6173712809,7870239464,9596960174,10237343153,9648583220,12344424776,15372607995,15068422242,14394927493,12537821040,13651667371,11006712649,7857729193,7195042616,8095367168,7661625473,8861299977,9021862775,9349764580,9087965282,8206227134,10707792340,5820383306,5643439262,5771454940,6090840548,6215591270,4711259427,19088046306,7438189100,8728038525,8937567060,10297483481,11964484668,14296507096,16364029327,19206060270,20523285374,23849009738,27463220380,30014813756,34028119333,36188521107,"31930856401.9	CD	COD	180	Congo"," Dem. Rep.	ISO 3166-2:CD	Middle Africa	4	Africa	2.0	NY.GDP.MKTP.CD	GDP (current US$)	Middle Africa	17.0",,
"48	1960",1961,1962,1963,1964,1965,1966,1967,1968,1969,1970,1971,1972,1973,1974,1975,1976,1977,1978,1979,1980,1981,1982,1983,1984,1985,1986,1987,1988,1989,1990,1991,1992,1993,1994,1995,1996,1997,1998,1999,2000,2001,2002,2003,2004,2005,2006,2007,2008,2009,2010,2011,2012,2013,2014,2015,"2016	131731862.569",151675739.2,166521239.9,172233430.9,185693724.8,198318063.9,220613582.4,237397428.3,251247458,265040036.1,274960699.9,322128019.3,410669262.9,541973362.5,585364635.4,767102679,754549600.5,765224030.6,878771771.3,1198749666,1705796850,1993512326,2160640567,2097274290,2193581366,2160872541,1849268215,2297753649,2212536313,2389593022,2798746051,2724853508,2933222706,1918970178,1769365439,2116003868,2540697538,2322719101,1949481381,2353909442,3219910666,2794259783,3019993739,3495868808,4648628921,6087003176,7731261311,8394688284,11859013281,9593537551,12007880439,14425607180,13677930124,14085851348,14177437982,8553154580,"7833508878.97	CG	COG	178	Congo"," Rep.	ISO 3166-2:CG	Middle Africa	4	Africa	2.0	NY.GDP.MKTP.CD	GDP (current US$)	Middle Africa	17.0"
"49	1960",1961,1962,1963,1964,1965,1966,1967,1968,1969,1970,1971,1972,1973,1974,1975,1976,1977,1978,1979,1980,1981,1982,1983,1984,1985,1986,1987,1988,1989,1990,1991,1992,1993,1994,1995,1996,1997,1998,1999,2000,2001,2002,2003,2004,2005,2006,2007,2008,2009,2010,2011,2012,2013,2014,2015,"2016	507513829.995",490325181.6,479180824.3,511902136.8,542578367.2,592981162.3,647305630.2,699456618.9,773841494.3,853630203.8,984830158.5,1077152902,1238251696,1528916185,1666544754,1960863466,2412555426,3072427013,3523208810,4035519323,4831447001,2623807074,2606621255,3976453967,4593908719,4796628461,5477895475,5841132962,6063759371,6866402028,7403457319,7168999428,8528593084,9537297507,10432619390,11513472694,11618286553,12552071367,13617405420,14195623425,14949514585,15913363335,16504795453,17195867540,18529767935,19952156475,22600431878,26743874287,30612932803,30562361123,37268635287,42262697840,46473128286,49745088112,50656002896,54840103850,"57435507212.3	CR	CRI	188	Costa Rica	ISO 3166-2:CR	Central America	11	Americas	19.0	NY.GDP.MKTP.CD	GDP (current US$)	Central America	13.0",
"50	1960",1961,1962,1963,1964,1965,1966,1967,1968,1969,1970,1971,1972,1973,1974,1975,1976,1977,1978,1979,1980,1981,1982,1983,1984,1985,1986,1987,1988,1989,1990,1991,1992,1993,1994,1995,1996,1997,1998,1999,2000,2001,2002,2003,2004,2005,2006,2007,2008,2009,2010,2011,2012,2013,2014,2015,"2016	546203561.572",618245639.2,645284344.7,761047045.8,921063266.4,919771356.4,1024103034,1082922892,1281281246,1361360157,1455482990,1584128262,1849400600,2508421235,3070151901,3893839190,4662053708,6265067858,7900524898,9142935858,10175615442,8432588484,7567109767,6838185419,6841638715,6977650069,9158302205,10087653189,10255170460,9757410614,10795850107,10492628916,11152971316,11045759469,8313557450,11000146840,12139234939,11722142706,12612033729,12376639823,10717022463,11192560827,12346919216,15306602560,16554441847,17084928928,17800887797,20343635320,24224903100,24277493862,24884505035,25381616734,27040562587,31273049200,35372603446,33145096414,"36372613022.9	CI	CIV	384	Cote d'Ivoire	ISO 3166-2:CI	Western Africa	12	Africa	2.0	NY.GDP.MKTP.CD	GDP (current US$)	Western Africa	11.0",
"51	1995",1996,1997,1998,1999,2000,2001,2002,2003,2004,2005,2006,2007,2008,2009,2010,2011,2012,2013,2014,2015,"2016	22387561845.2",23678012697,23822087053,25432144406,23386945597,21774273832,23289671102,26878499206,34658113497,41574530816,45416358502,50453577899,60093155533,70481451814,62703095751,59665427465,62236751773,56485301967,57769872075,57080369368,48921877448,"50714957390.5	HR	HRV	191	Croatia	ISO 3166-2:HR	Southern Europe	1	Europe	150.0	NY.GDP.MKTP.CD	GDP (current US$)	Southern Europe	39.0",,,,,,,,,,,,,,,,,,,,,,,,,,,,,,,,,,,,,,,,,,,,,,,,,,,,,,,,,,,,,,,,,,,,,,,
"52	1970",1971,1972,1973,1974,1975,1976,1977,1978,1979,1980,1981,1982,1983,1984,1985,1986,1987,1988,1989,1990,1991,1992,1993,1994,1995,1996,1997,1998,1999,2000,2001,2002,2003,2004,2005,2006,2007,2008,2009,2010,2011,2012,2013,2014,"2015	5693005200.0",6914658400,8135150892,9987709650,11405957317,13027415244,13789579903,14206158675,17844705325,19584443288,19912889861,20150254096,20953510235,22204940512,24039383608,22920490774,24226574634,25213935012,27458999472,27023468666,28645436569,24316556026,22085858243,22367254865,28448326757,30429803651,25017300000,25366200000,25736331247,28364615242,30565400000,31682400000,33590500000,35901200000,38203000000,42643836075,52742800000,58603900000,60806300000,62080000000,64328000000,68990000000,73141000000,77148000000,80656100000,"87132800000.0	CU	CUB	192	Cuba	ISO 3166-2:CU	Caribbean	5	Americas	19.0	NY.GDP.MKTP.CD	GDP (current US$)	Caribbean	29.0",,,,,,,,,,,,,,,,,,,,,,,
"54	1975",1976,1977,1978,1979,1980,1981,1982,1983,1984,1985,1986,1987,1988,1989,1990,1991,1992,1993,1994,1995,1996,1997,1998,1999,2000,2001,2002,2003,2004,2005,2006,2007,2008,2009,2010,2011,2012,2013,2014,2015,"2016	489914760.683",576090073.7,734887974,964026512.2,1288715210,2154311277,2087496374,2159242417,2160364071,2278248953,2430411900,3090734463,3704813886,4278792597,4563482604,5591130218,5770197348,6912150456,6590291048,7425703929,9826778784,9899623588,9594298746,10353506787,10614455232,10183317625,10567304189,11618269231,14576896942,17422375000,18703146375,20403713461,24077470572,27839460964,25942622951,25562251656,27427161524,25041372222,24084572491,23359294149,19676167240,"20047013274.3	CY	CYP	196	Cyprus	ISO 3166-2:CY	Western Asia	7	Asia	142.0	NY.GDP.MKTP.CD	GDP (current US$)	Western Asia	145.0",,,,,,,,,,,,,,,,,,,,,,,,,,,,,,,
"55	1990",1991,1992,1993,1994,1995,1996,1997,1998,1999,2000,2001,2002,2003,2004,2005,2006,2007,2008,2009,2010,2011,2012,2013,2014,2015,"2016	40477403219.5",29675502270,34590052812,40614350197,47554674591,59775697061,66985765439,61792161168,66490372105,64867483193,61649492817,67523642262,81910771994,99627140274,1.19162E+11,1.36281E+11,1.55464E+11,1.89227E+11,2.35719E+11,2.0618E+11,2.07478E+11,2.27948E+11,2.07376E+11,2.09402E+11,2.07818E+11,1.8683E+11,"195305084919.0	CZ	CZE	203	Czech Republic	ISO 3166-2:CZ	Eastern Europe	10	Europe	150.0	NY.GDP.MKTP.CD	GDP (current US$)	Eastern Europe	151.0",,,,,,,,,,,,,,,,,,,,,,,,,,,,,,,,,,,,,,,,,,,,,,,,,,,,,,,,,,,,,
,,,,,,,,,,,,,,,,,,,,,,,,,,,,,,,,,,,,,,,,,,,,,,,,,,,,,,,,,,,,,,,,,,,,,,,,,,,,,,,,,,,,,,,,,,,,,,,,,,,,,,,,,,,,,,,,,
,,,,,,,,,,,,,,,,,,,,,,,,,,,,,,,,,,,,,,,,,,,,,,,,,,,,,,,,,,,,,,,,,,,,,,,,,,,,,,,,,,,,,,,,,,,,,,,,,,,,,,,,,,,,,,,,,
,,,,,,,,,,,,,,,,,,,,,,,,,,,,,,,,,,,,,,,,,,,,,,,,,,,,,,,,,,,,,,,,,,,,,,,,,,,,,,,,,,,,,,,,,,,,,,,,,,,,,,,,,,,,,,,,,
,,,,,,,,,,,,,,,,,,,,,,,,,,,,,,,,,,,,,,,,,,,,,,,,,,,,,,,,,,,,,,,,,,,,,,,,,,,,,,,,,,,,,,,,,,,,,,,,,,,,,,,,,,,,,,,,,
,,,,,,,,,,,,,,,,,,,,,,,,,,,,,,,,,,,,,,,,,,,,,,,,,,,,,,,,,,,,,,,,,,,,,,,,,,,,,,,,,,,,,,,,,,,,,,,,,,,,,,,,,,,,,,,,,
,,,,,,,,,,,,,,,,,,,,,,,,,,,,,,,,,,,,,,,,,,,,,,,,,,,,,,,,,,,,,,,,,,,,,,,,,,,,,,,,,,,,,,,,,,,,,,,,,,,,,,,,,,,,,,,,,
,,,,,,,,,,,,,,,,,,,,,,,,,,,,,,,,,,,,,,,,,,,,,,,,,,,,,,,,,,,,,,,,,,,,,,,,,,,,,,,,,,,,,,,,,,,,,,,,,,,,,,,,,,,,,,,,,
,,,,,,,,,,,,,,,,,,,,,,,,,,,,,,,,,,,,,,,,,,,,,,,,,,,,,,,,,,,,,,,,,,,,,,,,,,,,,,,,,,,,,,,,,,,,,,,,,,,,,,,,,,,,,,,,,
,,,,,,,,,,,,,,,,,,,,,,,,,,,,,,,,,,,,,,,,,,,,,,,,,,,,,,,,,,,,,,,,,,,,,,,,,,,,,,,,,,,,,,,,,,,,,,,,,,,,,,,,,,,,,,,,,
,,,,,,,,,,,,,,,,,,,,,,,,,,,,,,,,,,,,,,,,,,,,,,,,,,,,,,,,,,,,,,,,,,,,,,,,,,,,,,,,,,,,,,,,,,,,,,,,,,,,,,,,,,,,,,,,,
,,,,,,,,,,,,,,,,,,,,,,,,,,,,,,,,,,,,,,,,,,,,,,,,,,,,,,,,,,,,,,,,,,,,,,,,,,,,,,,,,,,,,,,,,,,,,,,,,,,,,,,,,,,,,,,,,
,,,,,,,,,,,,,,,,,,,,,,,,,,,,,,,,,,,,,,,,,,,,,,,,,,,,,,,,,,,,,,,,,,,,,,,,,,,,,,,,,,,,,,,,,,,,,,,,,,,,,,,,,,,,,,,,,
,,,,,,,,,,,,,,,,,,,,,,,,,,,,,,,,,,,,,,,,,,,,,,,,,,,,,,,,,,,,,,,,,,,,,,,,,,,,,,,,,,,,,,,,,,,,,,,,,,,,,,,,,,,,,,,,,
,,,,,,,,,,,,,,,,,,,,,,,,,,,,,,,,,,,,,,,,,,,,,,,,,,,,,,,,,,,,,,,,,,,,,,,,,,,,,,,,,,,,,,,,,,,,,,,,,,,,,,,,,,,,,,,,,
,,,,,,,,,,,,,,,,,,,,,,,,,,,,,,,,,,,,,,,,,,,,,,,,,,,,,,,,,,,,,,,,,,,,,,,,,,,,,,,,,,,,,,,,,,,,,,,,,,,,,,,,,,,,,,,,,
,,,,,,,,,,,,,,,,,,,,,,,,,,,,,,,,,,,,,,,,,,,,,,,,,,,,,,,,,,,,,,,,,,,,,,,,,,,,,,,,,,,,,,,,,,,,,,,,,,,,,,,,,,,,,,,,,
,,,,,,,,,,,,,,,,,,,,,,,,,,,,,,,,,,,,,,,,,,,,,,,,,,,,,,,,,,,,,,,,,,,,,,,,,,,,,,,,,,,,,,,,,,,,,,,,,,,,,,,,,,,,,,,,,
,,,,,,,,,,,,,,,,,,,,,,,,,,,,,,,,,,,,,,,,,,,,,,,,,,,,,,,,,,,,,,,,,,,,,,,,,,,,,,,,,,,,,,,,,,,,,,,,,,,,,,,,,,,,,,,,,
,,,,,,,,,,,,,,,,,,,,,,,,,,,,,,,,,,,,,,,,,,,,,,,,,,,,,,,,,,,,,,,,,,,,,,,,,,,,,,,,,,,,,,,,,,,,,,,,,,,,,,,,,,,,,,,,,
,,,,,,,,,,,,,,,,,,,,,,,,,,,,,,,,,,,,,,,,,,,,,,,,,,,,,,,,,,,,,,,,,,,,,,,,,,,,,,,,,,,,,,,,,,,,,,,,,,,,,,,,,,,,,,,,,
,,,,,,,,,,,,,,,,,,,,,,,,,,,,,,,,,,,,,,,,,,,,,,,,,,,,,,,,,,,,,,,,,,,,,,,,,,,,,,,,,,,,,,,,,,,,,,,,,,,,,,,,,,,,,,,,,
,,,,,,,,,,,,,,,,,,,,,,,,,,,,,,,,,,,,,,,,,,,,,,,,,,,,,,,,,,,,,,,,,,,,,,,,,,,,,,,,,,,,,,,,,,,,,,,,,,,,,,,,,,,,,,,,,
,,,,,,,,,,,,,,,,,,,,,,,,,,,,,,,,,,,,,,,,,,,,,,,,,,,,,,,,,,,,,,,,,,,,,,,,,,,,,,,,,,,,,,,,,,,,,,,,,,,,,,,,,,,,,,,,,
,,,,,,,,,,,,,,,,,,,,,,,,,,,,,,,,,,,,,,,,,,,,,,,,,,,,,,,,,,,,,,,,,,,,,,,,,,,,,,,,,,,,,,,,,,,,,,,,,,,,,,,,,,,,,,,,,
,,,,,,,,,,,,,,,,,,,,,,,,,,,,,,,,,,,,,,,,,,,,,,,,,,,,,,,,,,,,,,,,,,,,,,,,,,,,,,,,,,,,,,,,,,,,,,,,,,,,,,,,,,,,,,,,,
,,,,,,,,,,,,,,,,,,,,,,,,,,,,,,,,,,,,,,,,,,,,,,,,,,,,,,,,,,,,,,,,,,,,,,,,,,,,,,,,,,,,,,,,,,,,,,,,,,,,,,,,,,,,,,,,,
,,,,,,,,,,,,,,,,,,,,,,,,,,,,,,,,,,,,,,,,,,,,,,,,,,,,,,,,,,,,,,,,,,,,,,,,,,,,,,,,,,,,,,,,,,,,,,,,,,,,,,,,,,,,,,,,,
,,,,,,,,,,,,,,,,,,,,,,,,,,,,,,,,,,,,,,,,,,,,,,,,,,,,,,,,,,,,,,,,,,,,,,,,,,,,,,,,,,,,,,,,,,,,,,,,,,,,,,,,,,,,,,,,,
,,,,,,,,,,,,,,,,,,,,,,,,,,,,,,,,,,,,,,,,,,,,,,,,,,,,,,,,,,,,,,,,,,,,,,,,,,,,,,,,,,,,,,,,,,,,,,,,,,,,,,,,,,,,,,,,,
,,,,,,,,,,,,,,,,,,,,,,,,,,,,,,,,,,,,,,,,,,,,,,,,,,,,,,,,,,,,,,,,,,,,,,,,,,,,,,,,,,,,,,,,,,,,,,,,,,,,,,,,,,,,,,,,,
,,,,,,,,,,,,,,,,,,,,,,,,,,,,,,,,,,,,,,,,,,,,,,,,,,,,,,,,,,,,,,,,,,,,,,,,,,,,,,,,,,,,,,,,,,,,,,,,,,,,,,,,,,,,,,,,,
,,,,,,,,,,,,,,,,,,,,,,,,,,,,,,,,,,,,,,,,,,,,,,,,,,,,,,,,,,,,,,,,,,,,,,,,,,,,,,,,,,,,,,,,,,,,,,,,,,,,,,,,,,,,,,,,,
,,,,,,,,,,,,,,,,,,,,,,,,,,,,,,,,,,,,,,,,,,,,,,,,,,,,,,,,,,,,,,,,,,,,,,,,,,,,,,,,,,,,,,,,,,,,,,,,,,,,,,,,,,,,,,,,,
,,,,,,,,,,,,,,,,,,,,,,,,,,,,,,,,,,,,,,,,,,,,,,,,,,,,,,,,,,,,,,,,,,,,,,,,,,,,,,,,,,,,,,,,,,,,,,,,,,,,,,,,,,,,,,,,,
,,,,,,,,,,,,,,,,,,,,,,,,,,,,,,,,,,,,,,,,,,,,,,,,,,,,,,,,,,,,,,,,,,,,,,,,,,,,,,,,,,,,,,,,,,,,,,,,,,,,,,,,,,,,,,,,,
,,,,,,,,,,,,,,,,,,,,,,,,,,,,,,,,,,,,,,,,,,,,,,,,,,,,,,,,,,,,,,,,,,,,,,,,,,,,,,,,,,,,,,,,,,,,,,,,,,,,,,,,,,,,,,,,,
,,,,,,,,,,,,,,,,,,,,,,,,,,,,,,,,,,,,,,,,,,,,,,,,,,,,,,,,,,,,,,,,,,,,,,,,,,,,,,,,,,,,,,,,,,,,,,,,,,,,,,,,,,,,,,,,,
,,,,,,,,,,,,,,,,,,,,,,,,,,,,,,,,,,,,,,,,,,,,,,,,,,,,,,,,,,,,,,,,,,,,,,,,,,,,,,,,,,,,,,,,,,,,,,,,,,,,,,,,,,,,,,,,,
,,,,,,,,,,,,,,,,,,,,,,,,,,,,,,,,,,,,,,,,,,,,,,,,,,,,,,,,,,,,,,,,,,,,,,,,,,,,,,,,,,,,,,,,,,,,,,,,,,,,,,,,,,,,,,,,,
,,,,,,,,,,,,,,,,,,,,,,,,,,,,,,,,,,,,,,,,,,,,,,,,,,,,,,,,,,,,,,,,,,,,,,,,,,,,,,,,,,,,,,,,,,,,,,,,,,,,,,,,,,,,,,,,,
,,,,,,,,,,,,,,,,,,,,,,,,,,,,,,,,,,,,,,,,,,,,,,,,,,,,,,,,,,,,,,,,,,,,,,,,,,,,,,,,,,,,,,,,,,,,,,,,,,,,,,,,,,,,,,,,,
,,,,,,,,,,,,,,,,,,,,,,,,,,,,,,,,,,,,,,,,,,,,,,,,,,,,,,,,,,,,,,,,,,,,,,,,,,,,,,,,,,,,,,,,,,,,,,,,,,,,,,,,,,,,,,,,,
,,,,,,,,,,,,,,,,,,,,,,,,,,,,,,,,,,,,,,,,,,,,,,,,,,,,,,,,,,,,,,,,,,,,,,,,,,,,,,,,,,,,,,,,,,,,,,,,,,,,,,,,,,,,,,,,,
,,,,,,,,,,,,,,,,,,,,,,,,,,,,,,,,,,,,,,,,,,,,,,,,,,,,,,,,,,,,,,,,,,,,,,,,,,,,,,,,,,,,,,,,,,,,,,,,,,,,,,,,,,,,,,,,,
,,,,,,,,,,,,,,,,,,,,,,,,,,,,,,,,,,,,,,,,,,,,,,,,,,,,,,,,,,,,,,,,,,,,,,,,,,,,,,,,,,,,,,,,,,,,,,,,,,,,,,,,,,,,,,,,,
,,,,,,,,,,,,,,,,,,,,,,,,,,,,,,,,,,,,,,,,,,,,,,,,,,,,,,,,,,,,,,,,,,,,,,,,,,,,,,,,,,,,,,,,,,,,,,,,,,,,,,,,,,,,,,,,,
,,,,,,,,,,,,,,,,,,,,,,,,,,,,,,,,,,,,,,,,,,,,,,,,,,,,,,,,,,,,,,,,,,,,,,,,,,,,,,,,,,,,,,,,,,,,,,,,,,,,,,,,,,,,,,,,,
,,,,,,,,,,,,,,,,,,,,,,,,,,,,,,,,,,,,,,,,,,,,,,,,,,,,,,,,,,,,,,,,,,,,,,,,,,,,,,,,,,,,,,,,,,,,,,,,,,,,,,,,,,,,,,,,,
,,,,,,,,,,,,,,,,,,,,,,,,,,,,,,,,,,,,,,,,,,,,,,,,,,,,,,,,,,,,,,,,,,,,,,,,,,,,,,,,,,,,,,,,,,,,,,,,,,,,,,,,,,,,,,,,,
,,,,,,,,,,,,,,,,,,,,,,,,,,,,,,,,,,,,,,,,,,,,,,,,,,,,,,,,,,,,,,,,,,,,,,,,,,,,,,,,,,,,,,,,,,,,,,,,,,,,,,,,,,,,,,,,,
,,,,,,,,,,,,,,,,,,,,,,,,,,,,,,,,,,,,,,,,,,,,,,,,,,,,,,,,,,,,,,,,,,,,,,,,,,,,,,,,,,,,,,,,,,,,,,,,,,,,,,,,,,,,,,,,,
,,,,,,,,,,,,,,,,,,,,,,,,,,,,,,,,,,,,,,,,,,,,,,,,,,,,,,,,,,,,,,,,,,,,,,,,,,,,,,,,,,,,,,,,,,,,,,,,,,,,,,,,,,,,,,,,,
,,,,,,,,,,,,,,,,,,,,,,,,,,,,,,,,,,,,,,,,,,,,,,,,,,,,,,,,,,,,,,,,,,,,,,,,,,,,,,,,,,,,,,,,,,,,,,,,,,,,,,,,,,,,,,,,,
,,,,,,,,,,,,,,,,,,,,,,,,,,,,,,,,,,,,,,,,,,,,,,,,,,,,,,,,,,,,,,,,,,,,,,,,,,,,,,,,,,,,,,,,,,,,,,,,,,,,,,,,,,,,,,,,,
,,,,,,,,,,,,,,,,,,,,,,,,,,,,,,,,,,,,,,,,,,,,,,,,,,,,,,,,,,,,,,,,,,,,,,,,,,,,,,,,,,,,,,,,,,,,,,,,,,,,,,,,,,,,,,,,,
,,,,,,,,,,,,,,,,,,,,,,,,,,,,,,,,,,,,,,,,,,,,,,,,,,,,,,,,,,,,,,,,,,,,,,,,,,,,,,,,,,,,,,,,,,,,,,,,,,,,,,,,,,,,,,,,,
,,,,,,,,,,,,,,,,,,,,,,,,,,,,,,,,,,,,,,,,,,,,,,,,,,,,,,,,,,,,,,,,,,,,,,,,,,,,,,,,,,,,,,,,,,,,,,,,,,,,,,,,,,,,,,,,,
,,,,,,,,,,,,,,,,,,,,,,,,,,,,,,,,,,,,,,,,,,,,,,,,,,,,,,,,,,,,,,,,,,,,,,,,,,,,,,,,,,,,,,,,,,,,,,,,,,,,,,,,,,,,,,,,,
,,,,,,,,,,,,,,,,,,,,,,,,,,,,,,,,,,,,,,,,,,,,,,,,,,,,,,,,,,,,,,,,,,,,,,,,,,,,,,,,,,,,,,,,,,,,,,,,,,,,,,,,,,,,,,,,,
,,,,,,,,,,,,,,,,,,,,,,,,,,,,,,,,,,,,,,,,,,,,,,,,,,,,,,,,,,,,,,,,,,,,,,,,,,,,,,,,,,,,,,,,,,,,,,,,,,,,,,,,,,,,,,,,,
,,,,,,,,,,,,,,,,,,,,,,,,,,,,,,,,,,,,,,,,,,,,,,,,,,,,,,,,,,,,,,,,,,,,,,,,,,,,,,,,,,,,,,,,,,,,,,,,,,,,,,,,,,,,,,,,,
,,,,,,,,,,,,,,,,,,,,,,,,,,,,,,,,,,,,,,,,,,,,,,,,,,,,,,,,,,,,,,,,,,,,,,,,,,,,,,,,,,,,,,,,,,,,,,,,,,,,,,,,,,,,,,,,,
,,,,,,,,,,,,,,,,,,,,,,,,,,,,,,,,,,,,,,,,,,,,,,,,,,,,,,,,,,,,,,,,,,,,,,,,,,,,,,,,,,,,,,,,,,,,,,,,,,,,,,,,,,,,,,,,,
,,,,,,,,,,,,,,,,,,,,,,,,,,,,,,,,,,,,,,,,,,,,,,,,,,,,,,,,,,,,,,,,,,,,,,,,,,,,,,,,,,,,,,,,,,,,,,,,,,,,,,,,,,,,,,,,,
,,,,,,,,,,,,,,,,,,,,,,,,,,,,,,,,,,,,,,,,,,,,,,,,,,,,,,,,,,,,,,,,,,,,,,,,,,,,,,,,,,,,,,,,,,,,,,,,,,,,,,,,,,,,,,,,,
,,,,,,,,,,,,,,,,,,,,,,,,,,,,,,,,,,,,,,,,,,,,,,,,,,,,,,,,,,,,,,,,,,,,,,,,,,,,,,,,,,,,,,,,,,,,,,,,,,,,,,,,,,,,,,,,,
,,,,,,,,,,,,,,,,,,,,,,,,,,,,,,,,,,,,,,,,,,,,,,,,,,,,,,,,,,,,,,,,,,,,,,,,,,,,,,,,,,,,,,,,,,,,,,,,,,,,,,,,,,,,,,,,,
,,,,,,,,,,,,,,,,,,,,,,,,,,,,,,,,,,,,,,,,,,,,,,,,,,,,,,,,,,,,,,,,,,,,,,,,,,,,,,,,,,,,,,,,,,,,,,,,,,,,,,,,,,,,,,,,,
,,,,,,,,,,,,,,,,,,,,,,,,,,,,,,,,,,,,,,,,,,,,,,,,,,,,,,,,,,,,,,,,,,,,,,,,,,,,,,,,,,,,,,,,,,,,,,,,,,,,,,,,,,,,,,,,,
,,,,,,,,,,,,,,,,,,,,,,,,,,,,,,,,,,,,,,,,,,,,,,,,,,,,,,,,,,,,,,,,,,,,,,,,,,,,,,,,,,,,,,,,,,,,,,,,,,,,,,,,,,,,,,,,,
,,,,,,,,,,,,,,,,,,,,,,,,,,,,,,,,,,,,,,,,,,,,,,,,,,,,,,,,,,,,,,,,,,,,,,,,,,,,,,,,,,,,,,,,,,,,,,,,,,,,,,,,,,,,,,,,,
,,,,,,,,,,,,,,,,,,,,,,,,,,,,,,,,,,,,,,,,,,,,,,,,,,,,,,,,,,,,,,,,,,,,,,,,,,,,,,,,,,,,,,,,,,,,,,,,,,,,,,,,,,,,,,,,,
,,,,,,,,,,,,,,,,,,,,,,,,,,,,,,,,,,,,,,,,,,,,,,,,,,,,,,,,,,,,,,,,,,,,,,,,,,,,,,,,,,,,,,,,,,,,,,,,,,,,,,,,,,,,,,,,,
,,,,,,,,,,,,,,,,,,,,,,,,,,,,,,,,,,,,,,,,,,,,,,,,,,,,,,,,,,,,,,,,,,,,,,,,,,,,,,,,,,,,,,,,,,,,,,,,,,,,,,,,,,,,,,,,,
,,,,,,,,,,,,,,,,,,,,,,,,,,,,,,,,,,,,,,,,,,,,,,,,,,,,,,,,,,,,,,,,,,,,,,,,,,,,,,,,,,,,,,,,,,,,,,,,,,,,,,,,,,,,,,,,,
,,,,,,,,,,,,,,,,,,,,,,,,,,,,,,,,,,,,,,,,,,,,,,,,,,,,,,,,,,,,,,,,,,,,,,,,,,,,,,,,,,,,,,,,,,,,,,,,,,,,,,,,,,,,,,,,,
,,,,,,,,,,,,,,,,,,,,,,,,,,,,,,,,,,,,,,,,,,,,,,,,,,,,,,,,,,,,,,,,,,,,,,,,,,,,,,,,,,,,,,,,,,,,,,,,,,,,,,,,,,,,,,,,,
,,,,,,,,,,,,,,,,,,,,,,,,,,,,,,,,,,,,,,,,,,,,,,,,,,,,,,,,,,,,,,,,,,,,,,,,,,,,,,,,,,,,,,,,,,,,,,,,,,,,,,,,,,,,,,,,,
,,,,,,,,,,,,,,,,,,,,,,,,,,,,,,,,,,,,,,,,,,,,,,,,,,,,,,,,,,,,,,,,,,,,,,,,,,,,,,,,,,,,,,,,,,,,,,,,,,,,,,,,,,,,,,,,,
,,,,,,,,,,,,,,,,,,,,,,,,,,,,,,,,,,,,,,,,,,,,,,,,,,,,,,,,,,,,,,,,,,,,,,,,,,,,,,,,,,,,,,,,,,,,,,,,,,,,,,,,,,,,,,,,,
,,,,,,,,,,,,,,,,,,,,,,,,,,,,,,,,,,,,,,,,,,,,,,,,,,,,,,,,,,,,,,,,,,,,,,,,,,,,,,,,,,,,,,,,,,,,,,,,,,,,,,,,,,,,,,,,,
,,,,,,,,,,,,,,,,,,,,,,,,,,,,,,,,,,,,,,,,,,,,,,,,,,,,,,,,,,,,,,,,,,,,,,,,,,,,,,,,,,,,,,,,,,,,,,,,,,,,,,,,,,,,,,,,,
,,,,,,,,,,,,,,,,,,,,,,,,,,,,,,,,,,,,,,,,,,,,,,,,,,,,,,,,,,,,,,,,,,,,,,,,,,,,,,,,,,,,,,,,,,,,,,,,,,,,,,,,,,,,,,,,,
,,,,,,,,,,,,,,,,,,,,,,,,,,,,,,,,,,,,,,,,,,,,,,,,,,,,,,,,,,,,,,,,,,,,,,,,,,,,,,,,,,,,,,,,,,,,,,,,,,,,,,,,,,,,,,,,,
,,,,,,,,,,,,,,,,,,,,,,,,,,,,,,,,,,,,,,,,,,,,,,,,,,,,,,,,,,,,,,,,,,,,,,,,,,,,,,,,,,,,,,,,,,,,,,,,,,,,,,,,,,,,,,,,,
,,,,,,,,,,,,,,,,,,,,,,,,,,,,,,,,,,,,,,,,,,,,,,,,,,,,,,,,,,,,,,,,,,,,,,,,,,,,,,,,,,,,,,,,,,,,,,,,,,,,,,,,,,,,,,,,,
,,,,,,,,,,,,,,,,,,,,,,,,,,,,,,,,,,,,,,,,,,,,,,,,,,,,,,,,,,,,,,,,,,,,,,,,,,,,,,,,,,,,,,,,,,,,,,,,,,,,,,,,,,,,,,,,,
,,,,,,,,,,,,,,,,,,,,,,,,,,,,,,,,,,,,,,,,,,,,,,,,,,,,,,,,,,,,,,,,,,,,,,,,,,,,,,,,,,,,,,,,,,,,,,,,,,,,,,,,,,,,,,,,,
,,,,,,,,,,,,,,,,,,,,,,,,,,,,,,,,,,,,,,,,,,,,,,,,,,,,,,,,,,,,,,,,,,,,,,,,,,,,,,,,,,,,,,,,,,,,,,,,,,,,,,,,,,,,,,,,,
,,,,,,,,,,,,,,,,,,,,,,,,,,,,,,,,,,,,,,,,,,,,,,,,,,,,,,,,,,,,,,,,,,,,,,,,,,,,,,,,,,,,,,,,,,,,,,,,,,,,,,,,,,,,,,,,,
,,,,,,,,,,,,,,,,,,,,,,,,,,,,,,,,,,,,,,,,,,,,,,,,,,,,,,,,,,,,,,,,,,,,,,,,,,,,,,,,,,,,,,,,,,,,,,,,,,,,,,,,,,,,,,,,,
,,,,,,,,,,,,,,,,,,,,,,,,,,,,,,,,,,,,,,,,,,,,,,,,,,,,,,,,,,,,,,,,,,,,,,,,,,,,,,,,,,,,,,,,,,,,,,,,,,,,,,,,,,,,,,,,,
,,,,,,,,,,,,,,,,,,,,,,,,,,,,,,,,,,,,,,,,,,,,,,,,,,,,,,,,,,,,,,,,,,,,,,,,,,,,,,,,,,,,,,,,,,,,,,,,,,,,,,,,,,,,,,,,,
,,,,,,,,,,,,,,,,,,,,,,,,,,,,,,,,,,,,,,,,,,,,,,,,,,,,,,,,,,,,,,,,,,,,,,,,,,,,,,,,,,,,,,,,,,,,,,,,,,,,,,,,,,,,,,,,,
,,,,,,,,,,,,,,,,,,,,,,,,,,,,,,,,,,,,,,,,,,,,,,,,,,,,,,,,,,,,,,,,,,,,,,,,,,,,,,,,,,,,,,,,,,,,,,,,,,,,,,,,,,,,,,,,,
,,,,,,,,,,,,,,,,,,,,,,,,,,,,,,,,,,,,,,,,,,,,,,,,,,,,,,,,,,,,,,,,,,,,,,,,,,,,,,,,,,,,,,,,,,,,,,,,,,,,,,,,,,,,,,,,,
,,,,,,,,,,,,,,,,,,,,,,,,,,,,,,,,,,,,,,,,,,,,,,,,,,,,,,,,,,,,,,,,,,,,,,,,,,,,,,,,,,,,,,,,,,,,,,,,,,,,,,,,,,,,,,,,,
,,,,,,,,,,,,,,,,,,,,,,,,,,,,,,,,,,,,,,,,,,,,,,,,,,,,,,,,,,,,,,,,,,,,,,,,,,,,,,,,,,,,,,,,,,,,,,,,,,,,,,,,,,,,,,,,,
,,,,,,,,,,,,,,,,,,,,,,,,,,,,,,,,,,,,,,,,,,,,,,,,,,,,,,,,,,,,,,,,,,,,,,,,,,,,,,,,,,,,,,,,,,,,,,,,,,,,,,,,,,,,,,,,,
,,,,,,,,,,,,,,,,,,,,,,,,,,,,,,,,,,,,,,,,,,,,,,,,,,,,,,,,,,,,,,,,,,,,,,,,,,,,,,,,,,,,,,,,,,,,,,,,,,,,,,,,,,,,,,,,,
,,,,,,,,,,,,,,,,,,,,,,,,,,,,,,,,,,,,,,,,,,,,,,,,,,,,,,,,,,,,,,,,,,,,,,,,,,,,,,,,,,,,,,,,,,,,,,,,,,,,,,,,,,,,,,,,,
,,,,,,,,,,,,,,,,,,,,,,,,,,,,,,,,,,,,,,,,,,,,,,,,,,,,,,,,,,,,,,,,,,,,,,,,,,,,,,,,,,,,,,,,,,,,,,,,,,,,,,,,,,,,,,,,,
,,,,,,,,,,,,,,,,,,,,,,,,,,,,,,,,,,,,,,,,,,,,,,,,,,,,,,,,,,,,,,,,,,,,,,,,,,,,,,,,,,,,,,,,,,,,,,,,,,,,,,,,,,,,,,,,,
,,,,,,,,,,,,,,,,,,,,,,,,,,,,,,,,,,,,,,,,,,,,,,,,,,,,,,,,,,,,,,,,,,,,,,,,,,,,,,,,,,,,,,,,,,,,,,,,,,,,,,,,,,,,,,,,,
,,,,,,,,,,,,,,,,,,,,,,,,,,,,,,,,,,,,,,,,,,,,,,,,,,,,,,,,,,,,,,,,,,,,,,,,,,,,,,,,,,,,,,,,,,,,,,,,,,,,,,,,,,,,,,,,,
,,,,,,,,,,,,,,,,,,,,,,,,,,,,,,,,,,,,,,,,,,,,,,,,,,,,,,,,,,,,,,,,,,,,,,,,,,,,,,,,,,,,,,,,,,,,,,,,,,,,,,,,,,,,,,,,,
,,,,,,,,,,,,,,,,,,,,,,,,,,,,,,,,,,,,,,,,,,,,,,,,,,,,,,,,,,,,,,,,,,,,,,,,,,,,,,,,,,,,,,,,,,,,,,,,,,,,,,,,,,,,,,,,,
,,,,,,,,,,,,,,,,,,,,,,,,,,,,,,,,,,,,,,,,,,,,,,,,,,,,,,,,,,,,,,,,,,,,,,,,,,,,,,,,,,,,,,,,,,,,,,,,,,,,,,,,,,,,,,,,,
,,,,,,,,,,,,,,,,,,,,,,,,,,,,,,,,,,,,,,,,,,,,,,,,,,,,,,,,,,,,,,,,,,,,,,,,,,,,,,,,,,,,,,,,,,,,,,,,,,,,,,,,,,,,,,,,,
,,,,,,,,,,,,,,,,,,,,,,,,,,,,,,,,,,,,,,,,,,,,,,,,,,,,,,,,,,,,,,,,,,,,,,,,,,,,,,,,,,,,,,,,,,,,,,,,,,,,,,,,,,,,,,,,,
,,,,,,,,,,,,,,,,,,,,,,,,,,,,,,,,,,,,,,,,,,,,,,,,,,,,,,,,,,,,,,,,,,,,,,,,,,,,,,,,,,,,,,,,,,,,,,,,,,,,,,,,,,,,,,,,,
,,,,,,,,,,,,,,,,,,,,,,,,,,,,,,,,,,,,,,,,,,,,,,,,,,,,,,,,,,,,,,,,,,,,,,,,,,,,,,,,,,,,,,,,,,,,,,,,,,,,,,,,,,,,,,,,,
,,,,,,,,,,,,,,,,,,,,,,,,,,,,,,,,,,,,,,,,,,,,,,,,,,,,,,,,,,,,,,,,,,,,,,,,,,,,,,,,,,,,,,,,,,,,,,,,,,,,,,,,,,,,,,,,,
,,,,,,,,,,,,,,,,,,,,,,,,,,,,,,,,,,,,,,,,,,,,,,,,,,,,,,,,,,,,,,,,,,,,,,,,,,,,,,,,,,,,,,,,,,,,,,,,,,,,,,,,,,,,,,,,,
,,,,,,,,,,,,,,,,,,,,,,,,,,,,,,,,,,,,,,,,,,,,,,,,,,,,,,,,,,,,,,,,,,,,,,,,,,,,,,,,,,,,,,,,,,,,,,,,,,,,,,,,,,,,,,,,,
,,,,,,,,,,,,,,,,,,,,,,,,,,,,,,,,,,,,,,,,,,,,,,,,,,,,,,,,,,,,,,,,,,,,,,,,,,,,,,,,,,,,,,,,,,,,,,,,,,,,,,,,,,,,,,,,,
,,,,,,,,,,,,,,,,,,,,,,,,,,,,,,,,,,,,,,,,,,,,,,,,,,,,,,,,,,,,,,,,,,,,,,,,,,,,,,,,,,,,,,,,,,,,,,,,,,,,,,,,,,,,,,,,,
,,,,,,,,,,,,,,,,,,,,,,,,,,,,,,,,,,,,,,,,,,,,,,,,,,,,,,,,,,,,,,,,,,,,,,,,,,,,,,,,,,,,,,,,,,,,,,,,,,,,,,,,,,,,,,,,,
,,,,,,,,,,,,,,,,,,,,,,,,,,,,,,,,,,,,,,,,,,,,,,,,,,,,,,,,,,,,,,,,,,,,,,,,,,,,,,,,,,,,,,,,,,,,,,,,,,,,,,,,,,,,,,,,,
,,,,,,,,,,,,,,,,,,,,,,,,,,,,,,,,,,,,,,,,,,,,,,,,,,,,,,,,,,,,,,,,,,,,,,,,,,,,,,,,,,,,,,,,,,,,,,,,,,,,,,,,,,,,,,,,,
,,,,,,,,,,,,,,,,,,,,,,,,,,,,,,,,,,,,,,,,,,,,,,,,,,,,,,,,,,,,,,,,,,,,,,,,,,,,,,,,,,,,,,,,,,,,,,,,,,,,,,,,,,,,,,,,,
,,,,,,,,,,,,,,,,,,,,,,,,,,,,,,,,,,,,,,,,,,,,,,,,,,,,,,,,,,,,,,,,,,,,,,,,,,,,,,,,,,,,,,,,,,,,,,,,,,,,,,,,,,,,,,,,,
,,,,,,,,,,,,,,,,,,,,,,,,,,,,,,,,,,,,,,,,,,,,,,,,,,,,,,,,,,,,,,,,,,,,,,,,,,,,,,,,,,,,,,,,,,,,,,,,,,,,,,,,,,,,,,,,,
,,,,,,,,,,,,,,,,,,,,,,,,,,,,,,,,,,,,,,,,,,,,,,,,,,,,,,,,,,,,,,,,,,,,,,,,,,,,,,,,,,,,,,,,,,,,,,,,,,,,,,,,,,,,,,,,,
,,,,,,,,,,,,,,,,,,,,,,,,,,,,,,,,,,,,,,,,,,,,,,,,,,,,,,,,,,,,,,,,,,,,,,,,,,,,,,,,,,,,,,,,,,,,,,,,,,,,,,,,,,,,,,,,,
,,,,,,,,,,,,,,,,,,,,,,,,,,,,,,,,,,,,,,,,,,,,,,,,,,,,,,,,,,,,,,,,,,,,,,,,,,,,,,,,,,,,,,,,,,,,,,,,,,,,,,,,,,,,,,,,,
,,,,,,,,,,,,,,,,,,,,,,,,,,,,,,,,,,,,,,,,,,,,,,,,,,,,,,,,,,,,,,,,,,,,,,,,,,,,,,,,,,,,,,,,,,,,,,,,,,,,,,,,,,,,,,,,,
,,,,,,,,,,,,,,,,,,,,,,,,,,,,,,,,,,,,,,,,,,,,,,,,,,,,,,,,,,,,,,,,,,,,,,,,,,,,,,,,,,,,,,,,,,,,,,,,,,,,,,,,,,,,,,,,,
,,,,,,,,,,,,,,,,,,,,,,,,,,,,,,,,,,,,,,,,,,,,,,,,,,,,,,,,,,,,,,,,,,,,,,,,,,,,,,,,,,,,,,,,,,,,,,,,,,,,,,,,,,,,,,,,,
,,,,,,,,,,,,,,,,,,,,,,,,,,,,,,,,,,,,,,,,,,,,,,,,,,,,,,,,,,,,,,,,,,,,,,,,,,,,,,,,,,,,,,,,,,,,,,,,,,,,,,,,,,,,,,,,,
,,,,,,,,,,,,,,,,,,,,,,,,,,,,,,,,,,,,,,,,,,,,,,,,,,,,,,,,,,,,,,,,,,,,,,,,,,,,,,,,,,,,,,,,,,,,,,,,,,,,,,,,,,,,,,,,,
,,,,,,,,,,,,,,,,,,,,,,,,,,,,,,,,,,,,,,,,,,,,,,,,,,,,,,,,,,,,,,,,,,,,,,,,,,,,,,,,,,,,,,,,,,,,,,,,,,,,,,,,,,,,,,,,,
,,,,,,,,,,,,,,,,,,,,,,,,,,,,,,,,,,,,,,,,,,,,,,,,,,,,,,,,,,,,,,,,,,,,,,,,,,,,,,,,,,,,,,,,,,,,,,,,,,,,,,,,,,,,,,,,,
,,,,,,,,,,,,,,,,,,,,,,,,,,,,,,,,,,,,,,,,,,,,,,,,,,,,,,,,,,,,,,,,,,,,,,,,,,,,,,,,,,,,,,,,,,,,,,,,,,,,,,,,,,,,,,,,,
,,,,,,,,,,,,,,,,,,,,,,,,,,,,,,,,,,,,,,,,,,,,,,,,,,,,,,,,,,,,,,,,,,,,,,,,,,,,,,,,,,,,,,,,,,,,,,,,,,,,,,,,,,,,,,,,,
,,,,,,,,,,,,,,,,,,,,,,,,,,,,,,,,,,,,,,,,,,,,,,,,,,,,,,,,,,,,,,,,,,,,,,,,,,,,,,,,,,,,,,,,,,,,,,,,,,,,,,,,,,,,,,,,,
,,,,,,,,,,,,,,,,,,,,,,,,,,,,,,,,,,,,,,,,,,,,,,,,,,,,,,,,,,,,,,,,,,,,,,,,,,,,,,,,,,,,,,,,,,,,,,,,,,,,,,,,,,,,,,,,,
,,,,,,,,,,,,,,,,,,,,,,,,,,,,,,,,,,,,,,,,,,,,,,,,,,,,,,,,,,,,,,,,,,,,,,,,,,,,,,,,,,,,,,,,,,,,,,,,,,,,,,,,,,,,,,,,,
,,,,,,,,,,,,,,,,,,,,,,,,,,,,,,,,,,,,,,,,,,,,,,,,,,,,,,,,,,,,,,,,,,,,,,,,,,,,,,,,,,,,,,,,,,,,,,,,,,,,,,,,,,,,,,,,,
,,,,,,,,,,,,,,,,,,,,,,,,,,,,,,,,,,,,,,,,,,,,,,,,,,,,,,,,,,,,,,,,,,,,,,,,,,,,,,,,,,,,,,,,,,,,,,,,,,,,,,,,,,,,,,,,,
,,,,,,,,,,,,,,,,,,,,,,,,,,,,,,,,,,,,,,,,,,,,,,,,,,,,,,,,,,,,,,,,,,,,,,,,,,,,,,,,,,,,,,,,,,,,,,,,,,,,,,,,,,,,,,,,,
,,,,,,,,,,,,,,,,,,,,,,,,,,,,,,,,,,,,,,,,,,,,,,,,,,,,,,,,,,,,,,,,,,,,,,,,,,,,,,,,,,,,,,,,,,,,,,,,,,,,,,,,,,,,,,,,,
,,,,,,,,,,,,,,,,,,,,,,,,,,,,,,,,,,,,,,,,,,,,,,,,,,,,,,,,,,,,,,,,,,,,,,,,,,,,,,,,,,,,,,,,,,,,,,,,,,,,,,,,,,,,,,,,,
,,,,,,,,,,,,,,,,,,,,,,,,,,,,,,,,,,,,,,,,,,,,,,,,,,,,,,,,,,,,,,,,,,,,,,,,,,,,,,,,,,,,,,,,,,,,,,,,,,,,,,,,,,,,,,,,,
,,,,,,,,,,,,,,,,,,,,,,,,,,,,,,,,,,,,,,,,,,,,,,,,,,,,,,,,,,,,,,,,,,,,,,,,,,,,,,,,,,,,,,,,,,,,,,,,,,,,,,,,,,,,,,,,,
,,,,,,,,,,,,,,,,,,,,,,,,,,,,,,,,,,,,,,,,,,,,,,,,,,,,,,,,,,,,,,,,,,,,,,,,,,,,,,,,,,,,,,,,,,,,,,,,,,,,,,,,,,,,,,,,,